"","baseMean","log2FoldChange","lfcSE","stat","pvalue","padj"
"ENSG00000249001",75.9234381402173,8.4667766305865,2.9230931985533,2.89651271973705,0.00377335345259683,0.0432048970322337
"ENSG00000211677",435.809656055425,7.54395975351599,2.59512021279802,2.90697892001782,0.00364937789431645,0.0432048970322337
"ENSG00000188257",2206.37819690635,6.88300538507878,2.20561713093573,3.12067098524877,0.00180439511019924,0.0280485895790746
"ENSG00000173432",979.944668974811,6.54163938728358,2.24676068523794,2.91158708191068,0.003595976556611,0.0432048970322337
